[{
    "varieties": "水果",
    "goods": [{
        "gtId": 1,
        "productTypeId": 1,
        "productId": null,
        "weight": 250,
        "price": 10.00,
        "priceSate": 2,
        "promotionalPrice": 8.00,
        "promotionalState": 2,
        "priceShow": 1,
        "productNumber": 40,
        "warehouseId": 35,
        "createTime": null,
        "approvalTime": null,
        "reviewOpinion": null,
        "product": {
            "id": 1,
            "productName": "西瓜",
            "productImg": "http://39.98.219.129:8084/pic/shangping/1575944416917.jpg",
            "createTime": null
        },
        "productType": {
            "productTypeId": 1,
            "productTypeName": "水果"
        }
    }, {
        "gtId": 3,
        "productTypeId": 1,
        "productId": null,
        "weight": 1000,
        "price": 5.00,
        "priceSate": 2,
        "promotionalPrice": 3.00,
        "promotionalState": 2,
        "priceShow": 1,
        "productNumber": 0,
        "warehouseId": 35,
        "createTime": null,
        "approvalTime": null,
        "reviewOpinion": "null",
        "product": {
            "id": 1,
            "productName": "西瓜",
            "productImg": "http://39.98.219.129:8084/pic/shangpin/1574407051555.jpg",
            "createTime": null
        },
        "productType": {
            "productTypeId": 1,
            "productTypeName": "水果"
        }
    }, {
        "gtId": 4,
        "productTypeId": 1,
        "productId": null,
        "weight": 1500,
        "price": 7.00,
        "priceSate": 3,
        "promotionalPrice": 50.00,
        "promotionalState": 3,
        "priceShow": 1,
        "productNumber": 10,
        "warehouseId": 35,
        "createTime": null,
        "approvalTime": null,
        "reviewOpinion": "null",
        "product": {
            "id": 1,
            "productName": "西瓜",
            "productImg": "http://39.98.219.129:8084/pic/shangpin/1574407051555.jpg",
            "createTime": null
        },
        "productType": {
            "productTypeId": 1,
            "productTypeName": "水果"
        }
    }, {
        "gtId": 5,
        "productTypeId": 1,
        "productId": null,
        "weight": 250,
        "price": 6.00,
        "priceSate": 2,
        "promotionalPrice": 8.00,
        "promotionalState": 2,
        "priceShow": 1,
        "productNumber": 11,
        "warehouseId": 35,
        "createTime": null,
        "approvalTime": null,
        "reviewOpinion": null,
        "product": {
            "id": 2,
            "productName": "草莓",
            "productImg": "http://39.98.219.129:8084/pic/shangpin/1574407063625.jpg",
            "createTime": null
        },
        "productType": {
            "productTypeId": 1,
            "productTypeName": "水果"
        }
    }, {
        "gtId": 6,
        "productTypeId": 1,
        "productId": null,
        "weight": 500,
        "price": 6.00,
        "priceSate": 2,
        "promotionalPrice": 56.00,
        "promotionalState": 2,
        "priceShow": 1,
        "productNumber": 14,
        "warehouseId": 35,
        "createTime": null,
        "approvalTime": null,
        "reviewOpinion": null,
        "product": {
            "id": 2,
            "productName": "草莓",
            "productImg": "http://39.98.219.129:8084/pic/shangpin/1574407063625.jpg",
            "createTime": null
        },
        "productType": {
            "productTypeId": 1,
            "productTypeName": "水果"
        }
    }, {
        "gtId": 9,
        "productTypeId": 1,
        "productId": null,
        "weight": 250,
        "price": 21.00,
        "priceSate": 2,
        "promotionalPrice": 7.00,
        "promotionalState": 2,
        "priceShow": 1,
        "productNumber": 22,
        "warehouseId": 35,
        "createTime": null,
        "approvalTime": null,
        "reviewOpinion": null,
        "product": {
            "id": 3,
            "productName": "荔枝",
            "productImg": "http://39.98.219.129:8084/pic/shangpin/1574407072790.jpg",
            "createTime": null
        },
        "productType": {
            "productTypeId": 1,
            "productTypeName": "水果"
        }
    }]
}, {
    "varieties": "海鲜",
    "goods": [{
        "gtId": 23,
        "productTypeId": 3,
        "productId": null,
        "weight": 1000,
        "price": 9.00,
        "priceSate": 0,
        "promotionalPrice": 9.00,
        "promotionalState": 0,
        "priceShow": 1,
        "productNumber": 8,
        "warehouseId": 35,
        "createTime": null,
        "approvalTime": null,
        "reviewOpinion": null,
        "product": {
            "id": 11,
            "productName": "鱼",
            "productImg": "http://39.98.219.129:8084/pic/shangpin/1574407168713.jpg",
            "createTime": null
        },
        "productType": {
            "productTypeId": 3,
            "productTypeName": "海鲜"
        }
    }]
}]